Timestamp,Avaliador(a),Nome da Equipe,"credibilidade
a persona poderia de fato ser considerada uma pessoa real?","representatividade
a persona representa um grupo de pessoas? ","clareza
o problema está bem definido? está claro em que situações acontece e quais são os prejuízos para a persona?","relevância
os prejuízos são impactantes na vida da persona? é evidente o quão relevante é o problema?","proposta de valor
em teoria, a priori o conceito da solução resolveria ou pelo menos diminuiria o problema da persona?","vantagem competitiva
está claro como a solução se diferenciaria positivamente em relação aos concorrentes?","funcionamento
está claro como a solução deveria funcionar? quais são seus componentes, as entradas e saídas? o conceito é factível?","estética
o protótipo é apresentado de forma esteticamente adequada para a persona?","interação
as opções de interação são intuitivas/ auto-explicativas, o protótipo é facilmente compreendido e utilizado pela persona?","coerência
ao terminar de utilizar o protótipo o resultado esperado no conceito da solução é atingido?","encaixe
a tecnologia central da solução se adequa ao problema apresentado? tem potencial de de fato resolver ou minimizar o problema?","performance
a tecnologia demonstrada atinge precisão e velocidade adequada para resolver o problema? ","integração
a tecnologia central está devidamente integrada com a interface gráfica? a interface gráfica é funcional?",Nome da Equipe,"credibilidade
a persona poderia de fato ser considerada uma pessoa real?","representatividade
a persona representa um grupo de pessoas? ","clareza
o problema está bem definido? está claro em que situações acontece e quais são os prejuízos para a persona?","relevância
os prejuízos são impactantes na vida da persona? é evidente o quão relevante é o problema?","proposta de valor
em teoria, a priori o conceito da solução resolveria ou pelo menos diminuiria o problema da persona?","vantagem competitiva
está claro como a solução se diferenciaria positivamente em relação aos concorrentes?","funcionamento
está claro como a solução deveria funcionar? quais são seus componentes, as entradas e saídas? o conceito é factível?","estética
o protótipo é apresentado de forma esteticamente adequada para a persona?","interação
as opções de interação são intuitivas/ auto-explicativas, o protótipo é facilmente compreendido e utilizado pela persona?","coerência
ao terminar de utilizar o protótipo o resultado esperado no conceito da solução é atingido?","encaixe
a tecnologia central da solução se adequa ao problema apresentado? tem potencial de de fato resolver ou minimizar o problema?","performance
a tecnologia demonstrada atinge precisão e velocidade adequada para resolver o problema? ","integração
a tecnologia central está devidamente integrada com a interface gráfica? a interface gráfica é funcional?",Nome da Equipe,"credibilidade
a persona poderia de fato ser considerada uma pessoa real?","representatividade
a persona representa um grupo de pessoas? ","clareza
o problema está bem definido? está claro em que situações acontece e quais são os prejuízos para a persona?","relevância
os prejuízos são impactantes na vida da persona? é evidente o quão relevante é o problema?","proposta de valor
em teoria, a priori o conceito da solução resolveria ou pelo menos diminuiria o problema da persona?","vantagem competitiva
está claro como a solução se diferenciaria positivamente em relação aos concorrentes?","funcionamento
está claro como a solução deveria funcionar? quais são seus componentes, as entradas e saídas? o conceito é factível?","estética
o protótipo é apresentado de forma esteticamente adequada para a persona?","interação
as opções de interação são intuitivas/ auto-explicativas, o protótipo é facilmente compreendido e utilizado pela persona?","coerência
ao terminar de utilizar o protótipo o resultado esperado no conceito da solução é atingido?","encaixe
a tecnologia central da solução se adequa ao problema apresentado? tem potencial de de fato resolver ou minimizar o problema?","performance
a tecnologia demonstrada atinge precisão e velocidade adequada para resolver o problema? ","integração
a tecnologia central está devidamente integrada com a interface gráfica? a interface gráfica é funcional?",Nome da Equipe,"credibilidade
a persona poderia de fato ser considerada uma pessoa real?","representatividade
a persona representa um grupo de pessoas? ","clareza
o problema está bem definido? está claro em que situações acontece e quais são os prejuízos para a persona?","relevância
os prejuízos são impactantes na vida da persona? é evidente o quão relevante é o problema?","proposta de valor
em teoria, a priori o conceito da solução resolveria ou pelo menos diminuiria o problema da persona?","vantagem competitiva
está claro como a solução se diferenciaria positivamente em relação aos concorrentes?","funcionamento
está claro como a solução deveria funcionar? quais são seus componentes, as entradas e saídas? o conceito é factível?","estética
o protótipo é apresentado de forma esteticamente adequada para a persona?","interação
as opções de interação são intuitivas/ auto-explicativas, o protótipo é facilmente compreendido e utilizado pela persona?","coerência
ao terminar de utilizar o protótipo o resultado esperado no conceito da solução é atingido?","encaixe
a tecnologia central da solução se adequa ao problema apresentado? tem potencial de de fato resolver ou minimizar o problema?","performance
a tecnologia demonstrada atinge precisão e velocidade adequada para resolver o problema? ","integração
a tecnologia central está devidamente integrada com a interface gráfica? a interface gráfica é funcional?"
7/8/2026 20:32:28,Lucas,NEX,AE → atingido com excelência,A → atingido,A → atingido,A → atingido,A → atingido,AP → atingido parcialmente,A → atingido,AP → atingido parcialmente,AP → atingido parcialmente,A → atingido,AP → atingido parcialmente,A → atingido,A → atingido,Luz,A → atingido,A → atingido,A → atingido,A → atingido,A → atingido,A → atingido,A → atingido,AP → atingido parcialmente,AP → atingido parcialmente,A → atingido,A → atingido,A → atingido,A → atingido,Interview Trainer,A → atingido,A → atingido,A → atingido,A → atingido,A → atingido,AP → atingido parcialmente,A → atingido,A → atingido,A → atingido,A → atingido,A → atingido,A → atingido,A → atingido,SigmaEdu,A → atingido,A → atingido,A → atingido,A → atingido,A → atingido,AP → atingido parcialmente,AP → atingido parcialmente,AP → atingido parcialmente,A → atingido,AP → atingido parcialmente,A → atingido,A → atingido,A → atingido
7/8/2026 20:45:33,Marcelo Marinho,NEX-TUTOR,A → atingido,A → atingido,AP → atingido parcialmente,A → atingido,AP → atingido parcialmente,AP → atingido parcialmente,A → atingido,A → atingido,A → atingido,AP → atingido parcialmente,A → atingido,A → atingido,A → atingido,LUZ,A → atingido,AE → atingido com excelência,A → atingido,A → atingido,A → atingido,A → atingido,AE → atingido com excelência,A → atingido,AE → atingido com excelência,A → atingido,A → atingido,A → atingido,AE → atingido com excelência,IA Interview ,AP → atingido parcialmente,AP → atingido parcialmente,A → atingido,A → atingido,A → atingido,A → atingido,AE → atingido com excelência,AE → atingido com excelência,AE → atingido com excelência,A → atingido,A → atingido,A → atingido,A → atingido,SigmaEdu,AP → atingido parcialmente,AP → atingido parcialmente,A → atingido,AE → atingido com excelência,A → atingido,A → atingido,AE → atingido com excelência,A → atingido,AE → atingido com excelência,AE → atingido com excelência,AE → atingido com excelência,A → atingido,A → atingido
7/8/2026 20:48:19,Rafael Roberto,Nex,A → atingido,A → atingido,A → atingido,AE → atingido com excelência,A → atingido,AP → atingido parcialmente,AE → atingido com excelência,A → atingido,AE → atingido com excelência,A → atingido,A → atingido,AP → atingido parcialmente,A → atingido,Luz,AE → atingido com excelência,AE → atingido com excelência,AE → atingido com excelência,AE → atingido com excelência,A → atingido,A → atingido,AE → atingido com excelência,A → atingido,A → atingido,A → atingido,A → atingido,A → atingido,A → atingido,AI Interview Training,A → atingido,AE → atingido com excelência,AP → atingido parcialmente,A → atingido,A → atingido,AP → atingido parcialmente,A → atingido,AE → atingido com excelência,A → atingido,A → atingido,A → atingido,AE → atingido com excelência,AE → atingido com excelência,SigmaEdu,AP → atingido parcialmente,AP → atingido parcialmente,AP → atingido parcialmente,A → atingido,A → atingido,A → atingido,AE → atingido com excelência,A → atingido,AE → atingido com excelência,A → atingido,A → atingido,A → atingido,A → atingido
,,9.705555556,0.5333333333,0.5,0.4166666667,0.5333333333,0.5555555556,0.3333333333,0.7111111111,0.8333333333,0.9,0.8333333333,1.111111111,1.111111111,1.333333333,11.07777778,0.5333333333,0.5666666667,0.5333333333,0.5333333333,0.6666666667,0.6666666667,0.7555555556,0.8333333333,0.9,1,1.333333333,1.333333333,1.422222222,10.98333333,0.4166666667,0.45,0.4166666667,0.5,0.6666666667,0.4444444444,0.7111111111,1.133333333,1.066666667,1,1.333333333,1.422222222,1.422222222,10.43888889,0.3333333333,0.3333333333,0.4166666667,0.5333333333,0.6666666667,0.5555555556,0.6444444444,0.8333333333,1.133333333,0.9,1.422222222,1.333333333,1.333333333